e_id,e_name,e_dob,e_experience,e_password
1,Siusan,1962-01-14,9,7RCrrKqmk
2,Noland,1977-03-31,5,XSn3CDg11n
3,Alica,1984-06-27,1,UqNuQTNbwP
4,Katherina,1983-11-28,8,B4V7JNax6
5,Johnnie,1974-11-14,1,3TlpxQg6n7A6
6,Luther,1979-10-11,1,y0nHUey
7,Neile,1977-01-21,8,ANEZc6bsBPjO
8,Lock,1962-02-05,10,zw8s9KOG6
9,Ashely,1966-12-03,2,YCPlvBg8
10,Hillary,1977-02-06,6,NjujeX53M29
11,Ailyn,1963-08-15,6,McbTxGr6nYg6
12,Aurore,1963-02-21,2,PvALmioJFYVo
13,Phil,1964-06-25,4,JGrWiMxeWv
14,Meggy,1973-04-27,4,1MxbWxcF
15,Dulcie,1962-01-31,2,eDnH5U
16,Tiler,1967-07-10,6,a0hTGo
17,Fleurette,1983-10-04,3,aJjTGhcWZ
18,Ginny,1985-01-29,7,W5pN42OpHAv
19,Nils,1976-02-08,7,TvoPdOTIxx
20,Ken,1961-11-04,9,wUKcPbzFRC5D
21,Diarmid,1988-04-16,2,7jFZ691
22,Jedidiah,1985-02-11,10,pZv4pze
23,Jacynth,1977-11-10,3,pM5fSW4W4mnN
24,Evanne,1973-03-23,1,yrDM7gWCvTD
25,Siana,1979-05-17,2,QYa8Yo
26,Adiana,1975-07-26,8,3iA732iJ1LNr
27,Field,1985-06-19,8,hOyDaNd8GkF
28,Danita,1970-08-28,2,eVlGogfv
29,Zia,1968-06-24,6,qF5DJzV
30,Jethro,1979-10-16,10,7nxEzgf1EM
31,Missy,1972-03-24,7,0p9K6I
32,Margaux,1972-04-15,10,DD9qtk2
33,Sergei,1985-02-13,2,lyx9D9ZDR
34,Pollyanna,1981-04-02,8,U0SNgDppzf
35,Kaiser,1969-08-13,3,LxQvYaG32f1
36,Courtnay,1971-06-30,9,2mWjmmVum8o
37,Dela,1971-05-17,5,EsSgJshTv
38,Vanya,1966-01-21,7,u3iyRUib03
39,Nichols,1985-12-23,3,1k9KZU
40,Emanuele,1971-11-16,4,ziV7qfeUN
41,Frederik,1979-11-24,5,BmU8dgWH56MX
42,Delmore,1989-11-29,1,ZuTWnLl6c
43,Zebulon,1988-05-17,5,ap1s89vV
44,Benoit,1980-03-26,10,k3klNdCn2U
45,Casper,1967-09-01,9,vwCYad2B7
46,Bryn,1969-07-11,7,7c6kPbxnUj
47,Vinni,1971-02-27,7,Z8n3RhXh
48,Ruperto,1974-10-10,4,rUX0eJS2p
49,Loralyn,1978-12-02,9,hqaSkPinl
50,Maridel,1985-06-26,6,8R0xlzBoBaL
51,Novelia,1976-02-07,3,VSlBcm
52,Dolli,1967-09-07,8,1ZRywcS
53,Hiram,1968-04-18,7,GnxYKW
54,Lucas,1981-03-31,9,DMF0Il5
55,Kenton,1970-11-11,8,xMticKt
56,Mathew,1986-01-28,8,9otEpqtuf
57,George,1962-03-27,6,5JuLjK9Y
58,Mitchael,1979-02-15,10,BkMqOF0OKu
59,Theodora,1973-05-03,1,KbxNrDt1iT
60,Haleigh,1961-11-08,8,vDXj4ay
61,Jarret,1971-02-20,5,EKJDxfpK
62,Alonso,1986-09-24,6,wOzERJItPk
63,Brittani,1988-03-05,3,EBno9M
64,Ransom,1976-06-10,9,nkPZPu3TSTZ
65,Flori,1980-04-21,9,gFlR8t
66,Neda,1977-09-24,1,7Fsj67S
67,Caralie,1979-12-01,8,3hCeRO
68,Lane,1964-01-09,7,OH06wnVw1rC
69,Dorthea,1968-10-30,8,wFeklltacE
70,Hana,1989-08-18,3,wrHrXNfbG
71,Clovis,1964-02-14,4,6KwmKE
72,Paddy,1962-12-02,4,yXdSu7dTJu
73,Gwenore,1963-05-09,4,rswSehu3x
74,Barbaraanne,1987-06-21,2,FuP95j61n
75,Janela,1973-03-09,8,TDtkc3hGWL
76,Jenica,1979-11-17,8,1MpmypUUK
77,Britta,1981-05-23,9,qbAXtCgcrDo
78,Vevay,1972-04-27,10,mDq2Y6Cm
79,Jesus,1962-03-06,5,ynn5ezxH
80,Carline,1985-11-29,2,u2mm63
81,Chic,1984-05-11,4,FcXpcXVDSLwK
82,Rudolph,1964-06-30,7,wArTkS7RW
83,Johny,1964-11-23,9,mYfO0c2R
84,Patrick,1975-07-11,1,7xr5rGD6f
85,Irvin,1971-04-09,10,ckPJju6bVV1X
86,Ram,1960-12-26,10,kcnHitXoWu5I
87,Templeton,1976-05-02,1,0X09VuFOmCq
88,Harp,1964-07-03,1,TEe2ZP
89,Jennette,1978-09-03,3,xuy9GSgY9F
90,Levi,1989-02-26,5,bjk5XXvscX
91,Buddie,1960-12-02,9,CC9TvDAUBv
92,Broderic,1969-12-24,10,ZU0HIBFDM
93,Jonell,1974-01-24,10,VwDB0iHRXY
94,Edithe,1972-07-26,10,0VY7oX
95,Chauncey,1960-10-05,3,vJPnDjCA72
96,Arlin,1967-01-14,1,2bA6k7s
97,Kristoffer,1988-10-09,4,HV2piqYqhgO8
98,Cornelius,1987-08-26,5,J33YJgT5xUdL
99,Prentice,1969-06-24,3,vmVMt7Ub9lZ
100,Anastasie,1967-12-15,6,TDuQaJJqZEq
101,Jasmine,1984-08-22,6,GF76R0zyL
102,Callean,1963-10-26,10,AmbcktCqe
103,Fan,1988-08-26,1,Eqnt5rE6k5
104,Mira,1975-12-02,8,WTvObmJMlMd
105,Moyna,1970-10-13,1,vZf4iUDWxvSd
106,Donnie,1964-08-13,8,jOlEIZq3
107,Gill,1987-06-21,9,ir6Mg4
108,Archambault,1972-04-24,2,jV4wNM
109,Adelaide,1971-10-27,2,Sx5S9j
110,Mellie,1979-10-27,8,yXP4qv9gp
111,Hy,1973-01-04,6,Zul4iTpZNtz
112,Eldon,1986-12-07,10,jPeTzkPGabBy
113,Neda,1983-03-23,5,Z8W85t5
114,Wallie,1971-08-19,6,ZgXN1XAwqk9t
115,Suzanne,1983-04-18,6,8OKZCB
116,Adolphus,1981-02-16,2,i17cKBUsn
117,Carey,1970-12-29,8,msWROX7qE
118,Lucille,1984-07-20,3,8L7yWvag
119,Kanya,1989-12-20,1,O2FaZ3Q5B
120,Jobi,1985-11-11,6,RZ5FIGaAZM6
121,Lorianna,1971-07-06,3,XeZO3L2bxGby
122,Frankie,1969-03-23,8,bsym91v1
123,Lavinie,1980-05-11,4,ibBNr0zjj0
124,Albertine,1963-04-09,2,xMNFrVPSYrgn
125,Gearard,1963-03-15,7,6lVtPcd88o1
126,Nicoline,1969-08-29,2,Qluuhq
127,Oberon,1966-01-13,1,ac9RCyYDFaI
128,Tiler,1989-03-08,2,BtZv8C
129,Falkner,1984-11-16,1,C8DW9SN9TM
130,Drucie,1986-06-04,2,gj5oh7i4wzc
131,Alejandrina,1974-07-27,8,4yk3bUjmc
132,Briney,1982-07-18,10,XJnYIsOele
133,Nels,1972-12-12,10,iqALGyvNVd
134,Cointon,1982-06-09,4,nWI9QwGaQ
135,Simone,1989-02-26,9,jtOXi2V7IePH
136,Erin,1984-05-16,3,wpt8hE
137,Dotti,1965-08-22,10,cmQrU6uPUr
138,Leanora,1961-03-09,5,DdZPURwblS
139,Harli,1984-06-01,7,8qYoxhZAB3O
140,Willie,1977-08-08,9,2MCXTzBSu9
141,Eve,1987-01-12,9,Bf7JFdcCEn3W
142,Chaddie,1967-03-15,2,Mvofbu0
143,Gretal,1986-11-25,7,0BxlulUi4C7b
144,Tripp,1967-02-20,6,XLCgSeNK94G5
145,Egbert,1974-12-18,5,hAxW0z
146,Terencio,1976-03-13,1,ZgJ8xUd43C5Z
147,Perle,1971-07-10,5,SdDOJm
148,Nonna,1971-03-29,1,k2sjYLt
149,Rafaelia,1973-07-03,2,7NmhYa4Cz
150,El,1982-08-05,2,ByuLVNy
151,Wenda,1967-01-14,4,lsfN0Ypn
152,Emmy,1966-01-19,1,pwaE1WLOx
153,Prudence,1986-06-06,3,HFj6KUMf
154,Stearn,1982-12-08,7,ZitAuhmtkW
155,Evelyn,1981-11-23,8,rZnA8s
156,Timi,1981-03-22,3,75QjqF
157,Flore,1979-08-23,4,wg8ktEUbUCX6
158,Latia,1965-06-30,7,d4kIn9nhHmt
159,Pammy,1989-08-15,1,T7FZkc
160,Sisely,1981-08-27,9,hEDOboP
161,Wiatt,1968-03-05,8,prqK1omZTiVF
162,Edlin,1967-12-19,4,JiQylId
163,Rey,1983-06-24,9,rw3KVwihD
164,Jeremy,1962-05-22,10,pBCh17
165,Christine,1983-12-19,5,hkCpSzSAMhzf
166,Quintana,1970-08-29,3,vjPAHKGzjt
167,Tonia,1971-03-30,10,e6s9syp0eG0
168,Kariotta,1981-01-06,7,mpyvJqaV4
169,Ulrike,1972-09-25,9,e44tmlEil
170,Chaddy,1976-01-30,5,Zz9QndpWa
171,Kaine,1962-06-05,10,LUB4wfPGdooF
172,Pearla,1972-06-05,4,LGob7b6O
173,Reynard,1962-10-27,9,kMcfxFg0
174,Charmain,1964-01-01,7,31dcpg67s
175,Janka,1973-02-22,2,u6SWlx
176,Alberto,1966-10-26,4,RYCdgkh
177,Ondrea,1983-03-21,8,OSt3CFMRh
178,Margot,1970-03-28,3,8WWYOorgDqY
179,Gallard,1972-06-11,9,eJ1A1c5Q4G8
180,Shirl,1976-07-03,1,Mf3uzHv5
181,Emmi,1964-09-21,3,KJKJ7VQ
182,Jeannine,1978-06-23,4,65gLneN7fYve
183,Zoe,1962-11-10,8,BHmp5clyjeG
184,Rikki,1964-02-13,10,XpQHrOF
185,Shelton,1960-06-06,3,VX6rWwt
186,Katerine,1982-05-28,4,9IYqAjnYU
187,Anabal,1981-07-20,10,AuCjsZXd
188,Prudi,1971-07-20,4,Mql5s1z
189,Arnuad,1963-10-28,4,NW65CZ3FNg
190,Nick,1960-05-07,2,hSwkUYzlZ3
191,Ivan,1969-11-27,6,ckWAzlit6SsG
192,Gunar,1984-01-18,5,HP33IN6ISQ
193,Lock,1961-11-20,4,LqsExrw
194,Inge,1982-10-20,7,qJtF2tlSw
195,Brenda,1960-04-26,5,8jy1dsvXxDy
196,Annis,1980-05-25,7,HYUX8Sng
197,Lisabeth,1963-01-27,3,piEiRYYaISF
198,Tiler,1989-03-09,3,tG9wy9k9f
199,Katharine,1972-09-25,8,RmHFcsL1j
200,Gerda,1982-01-29,7,2rTy19HiG
201,Kessiah,1983-06-01,6,HmzAayBnm
202,Celina,1976-10-30,1,YsAFlP5
203,Thomasin,1960-11-16,3,NWmkqiOpGQ
204,Ninetta,1986-08-24,6,unfJVNerr
205,Libbey,1979-10-18,3,4CZHBbi
206,Harman,1978-10-20,10,9y7tQIdS53JE
207,Lothaire,1982-03-10,1,mZLVHS
208,Craggie,1974-05-21,9,Wu9JIYY6x
209,Nikolaos,1963-08-25,7,YU8h7PQG
210,Mathe,1970-02-06,1,UoaNEkv
211,Alfie,1966-07-29,5,eir8ycABGS
212,Jerrie,1968-08-24,10,4hsO3zzJmcY
213,Kimberlyn,1967-03-14,2,ER4HqKdoOZL
214,Latrena,1982-02-28,4,thjnfswFi
215,Zebadiah,1970-12-07,8,BJnIdb
216,Donnie,1988-03-13,6,9LGNJCd
217,Mira,1968-02-23,5,hPBzfj1AUSOm
218,Sanderson,1967-06-03,9,l1wXk8xSy
219,Nona,1983-11-03,6,UC0rhTx
220,Adair,1987-01-27,4,X7DZvDfGE
221,Augustin,1981-01-10,1,oz5mlegy3
222,Marsiella,1966-08-13,4,O16KZVdj
223,Devonne,1966-09-02,10,Cp1B58T
224,Germaine,1979-03-24,3,kJJzEpy
225,Charlotte,1972-11-12,7,jjuQ7z88qgxB
226,Margalit,1986-06-29,1,eX8szO27FVI
227,Kizzee,1973-02-06,7,P8BiT8o2
228,Rickey,1975-04-14,8,j1SiY6lDrqA5
229,Perri,1973-12-09,4,iGKwXnJR
230,Engelbert,1969-04-10,4,JVDhthF4Xk
231,Clemmy,1970-07-03,8,bpC7KAvp
232,Ford,1964-08-30,10,rzo3yJnRnV
233,Norris,1977-04-13,2,B4rEtBnlB7
234,Delphine,1977-07-28,10,2wJx0N
235,Brande,1963-04-08,7,ChU54zWcNiEk
236,Livy,1972-04-11,3,M8qvRMHW
237,Derby,1963-08-31,3,L8SgFuhT5J7
238,Bartie,1960-12-21,10,WJEsgGzzA0B
239,Alberta,1960-09-09,8,hIav0S9I9
240,Kerri,1985-01-31,9,yauWJU
241,Lowell,1984-01-29,3,v5f6sgo8Y1
242,Romona,1972-11-04,6,vbSZIr
243,Shaina,1979-10-15,9,chTqOK5bT4
244,Riannon,1986-07-27,4,QRh5miArEiiP
245,Pearce,1976-06-19,6,s26rE8jzdoku
246,Tades,1980-09-22,6,VeJ4ETF
247,Madeleine,1975-01-08,8,OloQtaChxiG
248,Sibilla,1984-04-25,5,jDA4W7zUt
249,Micheline,1968-03-26,8,aDOaArD
250,Guglielma,1970-04-01,2,kFJkpM81N
251,Templeton,1960-03-09,1,tKwJcnNbm
252,Winnah,1963-02-22,9,RzvMiP0vv
253,Dale,1989-09-23,8,SpRa8LBrb
254,Manya,1964-08-29,9,zaGrOomP
255,Brandon,1978-09-11,3,kcP1AxQRGltJ
256,Augustine,1971-08-21,7,MgbjzBU
257,King,1968-05-25,1,YzC0RNs98
258,Griff,1964-11-03,7,k3LeeNhwzWXf
259,Karyn,1985-07-09,1,XHiGq49We
260,Barth,1989-02-22,10,PwCEhrUEn
261,Eldin,1981-08-10,7,LsysKfrKae0
262,Francklyn,1986-08-05,9,0f7dW6EkR
263,Arline,1971-03-20,10,QRWFIIc
264,Myrtie,1963-09-07,1,vQcX3C1hb
265,Meryl,1971-02-05,10,uQRw0eQOkq
266,Vergil,1975-06-30,5,a8JfzCt7pU9
267,Binny,1978-06-15,10,IvxeL4o
268,Ward,1977-04-09,9,57vJmhhp
269,Rodrigo,1989-11-04,6,DwQw7Ks3
270,Kayla,1987-12-07,6,dNnt6GN4O53R
271,Pepita,1973-02-18,10,gseqHZ
272,Brena,1961-11-12,6,WE45RAp
273,Sanford,1964-03-23,10,SB11918iZQo8
274,Kamila,1962-04-10,3,dtd5r8c
275,Fernande,1979-01-27,9,pEHhw1dp
276,Noel,1964-10-26,2,opf1daY6
277,Emylee,1972-06-23,7,lzq0ETViL
278,Ragnar,1969-08-25,1,XVQoC0ExqQ
279,Bonny,1968-08-01,6,m03XprsqO3
280,Thorndike,1973-07-09,5,gzlAvKLA
281,Kane,1979-03-23,7,adEniv36KNN
282,Johannes,1983-08-03,6,K0f0xHxGv
283,Briana,1966-02-21,2,5YkofMw1yE
284,Walt,1960-08-20,1,0BspGz
285,Darsie,1971-08-15,5,mUYvON
286,Mirella,1970-08-25,4,2dJm7Swr1D
287,Rey,1968-03-03,2,skR8Fp5LdP
288,Mirna,1983-02-21,9,qcT9ghy9
289,Madelene,1972-01-21,4,OWnRc9LD936g
290,Noni,1982-08-10,10,KZDp75wtWqM
291,Natalina,1981-09-15,1,WuhR83nP
292,Rossy,1984-06-01,4,G8MlqtFdJB
293,Sollie,1971-09-17,1,6Z6aI2Q
294,Padraic,1969-04-03,7,XF69i8w36K
295,Michaelina,1968-12-30,9,zixv9PaocM
296,Wolfie,1978-08-15,10,lDtnPd
297,Peri,1961-04-11,3,YQ2E0ZLQ
298,Blaine,1960-08-29,5,2g3o9TU
299,Dennie,1975-02-03,3,nNmI12bChO
300,Arlena,1985-03-18,7,KhTgOSnIW
301,Dreddy,1969-09-07,7,PRDy6OH
302,Cindi,1978-01-07,7,utZXIC7HFiGN
303,Ambrosio,1986-09-28,2,Od4WcEoMrni
304,Codi,1974-12-26,9,xNAIVhXIJXR
305,Nancee,1989-02-02,4,mEfhbR
306,Ros,1971-10-04,4,rmKxyh
307,Catina,1967-09-19,9,d00CpthzAQT8
308,Bondon,1971-01-06,9,Q1czjtN
309,Valera,1976-01-26,1,9EKis8
310,Bevin,1969-02-04,6,momcaz
311,Antonetta,1960-09-30,10,0zueZpMU7XW
312,Hildegarde,1970-07-30,8,p3sKQZnEg
313,Linnea,1984-10-10,1,JaBjrlDq
314,Jodi,1978-03-14,3,3EMDq4rqd1
315,Jane,1967-04-13,8,1yNI4TU
316,Reuben,1978-07-21,2,xKSGpKsy
317,Clarette,1972-05-16,5,WoFSUO
318,Ogden,1988-12-13,8,CqnApf
319,Kaitlynn,1983-09-18,7,BSvo295ru
320,Farr,1987-02-01,5,oOr3lYW
321,Talbot,1975-05-22,2,KEj6ajXARQCg
322,Oriana,1980-02-06,7,7Tz2AF17f
323,Keslie,1989-12-04,2,ZZUq7ZR2Ft0g
324,Rozamond,1976-09-09,6,jVScFPyh
325,Jenda,1987-08-02,8,rM9S3ofsCe
326,Lynda,1975-09-05,1,aIeboq1P9M
327,Kalil,1967-01-17,10,sUAkrM
328,Biron,1970-06-24,10,vt2Rq4dRv
329,Chaddie,1977-05-13,1,qmDH7kDdYG
330,Gwendolyn,1986-07-31,10,D5cE7mXFVc
331,Tamarah,1963-07-06,7,QnBtrDj
332,Tate,1969-11-09,6,O9ZyOMq9
333,Marlie,1963-03-19,6,9dbf2ZCZLUsa
334,Marita,1989-08-11,7,UTpgwz
335,Joyann,1985-05-24,3,U5A7ilan9K
336,Fabiano,1965-06-26,10,9Osfmwku8j
337,Sammie,1985-05-27,4,ZOEkLBK5Q
338,Ardine,1971-01-08,4,V9tL9UbC7
339,Scot,1960-10-11,2,9uPpnfZ7QM
340,Willey,1969-12-19,10,dIvOuRC
341,Tani,1986-02-03,4,Pb8Xv1V2
342,Bartholemy,1960-09-23,7,8xxIQUdxhz2M
343,Anneliese,1960-03-31,6,mNxDhXqd
344,Hannie,1986-01-06,2,Rwtz4CxHteI
345,Kari,1975-08-22,3,gg917sx4RAyW
346,Adoree,1972-07-03,3,2ZimrDtaEOwa
347,Heath,1988-01-17,5,bK8myfdb
348,Belita,1976-07-27,5,DamDh0
349,Michelle,1976-03-04,9,CkD55l
350,Marquita,1971-03-21,8,QKJZ846qR
351,Claus,1972-02-04,1,asgoLTQcsl2
352,Lilla,1961-09-12,8,teB7QCHJpXb9
353,Belia,1985-08-24,9,p06oLq14
354,Ursula,1984-09-07,9,6lXfzS60
355,Faustine,1968-06-12,5,1x5E1KApmZhx
356,Tisha,1966-06-19,3,t3VIQuV23v
357,Odetta,1986-11-19,7,2x8A8iyE4Y9q
358,Jennica,1987-07-31,1,jfDDi3pf
359,Dorree,1970-02-10,9,BHehPFFj
360,Bud,1977-01-18,8,KzyAra3NItUX
361,Keely,1970-10-24,5,l834QHPQGY
362,Brynn,1967-11-13,5,CqguFnq24
363,Jacquetta,1980-01-03,6,1OlglxY
364,Filip,1967-01-26,8,XMgFLLiu3Tj
365,Julie,1977-05-15,2,JdwnJyOcUl7
366,Elvera,1978-01-02,4,VwlMZmj62DL
367,Bev,1988-06-26,8,LnjQjupLg
368,Ardys,1988-03-27,4,c5n0ji6
369,Tessi,1964-05-07,6,x4SWYIye
370,Ramsey,1970-10-13,10,3qJec8
371,Meghan,1975-01-07,9,L6hymtCbJ
372,Concordia,1981-10-25,10,DG7WFMPflimD
373,Ariela,1961-11-17,3,bSaDuQgk
374,Justinn,1978-11-01,5,KD6QSvsLO
375,Libby,1972-07-20,2,at7nxopEhtJd
376,Reagan,1962-05-14,4,7MsOJxwB
377,Robbert,1970-04-17,2,OU4Pb8ygPem
378,Andee,1980-09-13,7,RQKEbj2NjQQ
379,Rozina,1986-02-08,9,71sP8l8ri
380,Duncan,1981-05-21,1,FPkB0WLNH
381,Marquita,1969-11-26,10,rxmdgGcr
382,Geralda,1974-10-13,2,kx9BbkQHIV2
383,Morna,1982-09-04,7,o8NqUwdPngKw
384,Ellary,1960-09-22,1,yTPZpcL1dJNK
385,Sherill,1967-10-13,3,SXIiqjlB
386,Burg,1988-10-07,9,RMr8py2p
387,Pat,1961-07-28,9,Td5MMwBt
388,Filmer,1986-07-27,6,YGVtAb9Yc
389,Alec,1985-02-26,10,jiUaejVbPy
390,Isabelle,1969-08-17,8,hybSRyPQhoe
391,Slade,1972-07-19,9,BIiDYIZAkX
392,Jasmin,1973-07-12,10,kmZeMKxY
393,Nadiya,1977-05-01,5,G2rqWdX
394,Elnore,1960-02-21,2,fHbkNBc4
395,Arabelle,1969-01-31,1,BAYh86s
396,Curtice,1979-06-20,2,UOFGfqJBqp
397,Errick,1976-08-03,1,XQKOHPhqX
398,Gerladina,1983-04-27,6,2ySSU2VRN5
399,Stavro,1964-01-24,5,RccQpx
400,Alla,1972-05-30,7,23ffSax7t4V2
401,Lana,1968-11-22,4,4SGM5H
402,Alanna,1972-12-30,3,vAEONp
403,Claudie,1977-08-26,3,x6rUcxXAcZDq
404,Ruby,1978-01-18,6,mW45Q9Ncdzo2
405,Mabel,1986-07-22,8,6h0lOh2N
406,Ruttger,1960-09-16,6,Tttxnwu4SuvO
407,Rebecka,1971-04-15,4,E3vH5yPsB0
408,Wilma,1971-01-07,3,Com3HLQzxqu
409,Ivar,1961-06-06,4,JJ8nJT
410,Sarge,1963-08-17,4,VbFJckU
411,Revkah,1983-09-07,4,lDvT9FURrFNz
412,Xavier,1969-01-16,6,XpMt6vx3rMYx
413,Augusta,1979-05-10,1,aCXdVqO839
414,Mandi,1975-08-02,2,QfiYoJR
415,Justin,1988-07-11,7,sMn5LN
416,Cecil,1965-06-15,1,EKVTEJtcfs
417,Melina,1984-09-15,10,mPRzHC4GZMHg
418,Alexandre,1989-04-09,2,jAR4lAU8
419,Lorette,1962-05-25,7,ATDeTQWl8w5
420,Virgie,1980-02-09,3,zzKNz77z
421,Nat,1977-09-21,1,2cwftCzLjMJ1
422,Nerta,1975-08-01,9,zXUl1pi
423,Peggy,1975-04-16,1,nKljo6
424,Ryann,1970-05-09,9,vFAWiNQ
425,Sonia,1966-02-26,9,o5YEEscMrR6
426,Monti,1967-04-23,4,Do6gU4P0zk
427,Claire,1962-08-02,3,ezaRKMImAt
428,Rikki,1979-02-05,6,GQeQohT5AS5
429,Kathy,1963-01-10,4,NsJ6uUglK
430,Rodolfo,1966-11-20,5,DSqVZuKT
431,Pat,1970-07-15,5,l3xbV1A
432,Nydia,1981-09-19,9,wyEUTSU
433,Bastien,1978-08-23,7,ivbsff
434,Rafaellle,1965-02-03,5,M4VkBnBw9RIo
435,Phil,1964-04-11,6,qF70ClSOZb9
436,Dela,1972-04-23,3,rQUfu85VPa
437,Taylor,1977-05-15,3,LaXacR
438,Caprice,1966-05-31,7,PU4Jc9ZyQ
439,Colver,1969-07-31,7,8JaXJ5
440,Olin,1985-02-23,1,gy592tFfwdf
441,Vinny,1960-12-13,3,pCIbqXfAHS
442,Sutherland,1972-09-06,1,pu1Zrzwg
443,Pembroke,1979-01-21,1,DFNG0f
444,Forester,1980-01-07,9,QICXDJJzrT
445,Noami,1986-04-10,4,kpI1bX
446,Lorenza,1962-08-11,6,GSwkTG4
447,Lisetta,1973-07-21,5,EvchwvVu
448,Stavros,1962-10-23,8,jnEn2CWX
449,Win,1967-03-11,1,cbuFlFgtHmT
450,Camala,1967-09-13,2,FwaL8w2Z
451,Michal,1972-08-31,1,hRZ6BF7QmJ
452,Khalil,1980-02-20,4,R0eSYuEsz
453,Debora,1979-04-05,1,aQZHjzkX6S
454,Elliot,1977-04-26,10,VVo4RTUCclv
455,Elsey,1979-03-26,2,BOCGJwl7
456,Nanette,1966-08-23,7,dWmHooF
457,Faustine,1979-01-15,3,3BpnRS
458,Ada,1981-11-21,8,o7dK4T0
459,Lou,1986-06-03,5,z1pP8ft
460,Aigneis,1979-01-26,5,saDNrV5z
461,Seth,1977-11-29,9,SWjcX5rUkoeM
462,Gilda,1989-10-29,7,8pVYy0p
463,Fransisco,1960-12-20,6,TXpFE3
464,Charlot,1966-05-01,6,OcQztZxQ
465,Dael,1961-05-02,6,8ZQYqb
466,Katinka,1981-12-30,10,cXCFcgiwcs7
467,Novelia,1981-07-18,5,kJFzckiqONWu
468,Jaime,1974-05-24,4,dP610h
469,Basilio,1961-09-27,3,zeEK0Qv
470,Genny,1986-08-29,5,BBoOP9BXDntF
471,Salvidor,1989-02-12,8,fqzEjoy8THv
472,Wells,1967-01-17,2,IO5qvPJ
473,Milli,1988-07-19,5,6rHGIu4iO10y
474,Juieta,1970-06-08,1,03TMnf2
475,Catriona,1979-09-22,6,ALaNH6gZuz1p
476,Sammy,1978-11-18,5,QIqK76
477,Laverna,1963-01-29,5,fTGeyUu
478,Kerrin,1987-11-21,4,jkdbJkjRg
479,Cirstoforo,1986-08-19,10,IemXdWwpxC5
480,Bambi,1983-03-01,7,aRueHT
481,Debee,1980-04-24,5,5JdwRVrbHYvn
482,Kelcy,1983-05-19,9,PUaZ2eeHX
483,Bart,1978-05-07,6,9806xwVZ8
484,Valentia,1982-07-31,2,6ZEOmvHiNM
485,Cort,1978-09-01,7,wpebIALPI5S0
486,Curran,1970-01-02,1,DFn2u42nTx
487,Lonnie,1976-11-21,5,B5FoUm
488,Modestine,1971-06-26,5,I4wlBaNcofDZ
489,Allan,1981-09-13,3,eJZG3mjWYco
490,Taddeusz,1963-07-02,6,ojmyAJOBuNN
491,Timmie,1989-02-08,5,zjLyBsoyNsG
492,Aldon,1966-01-09,10,rWqpAtPRSm
493,Enrichetta,1972-01-09,3,i5AkIo
494,Hephzibah,1980-02-02,9,exNbRh7Crz
495,Zea,1972-10-28,10,lFVpecvEZ
496,Sheila-kathryn,1964-06-04,4,rlunRMs
497,Ronnie,1971-10-05,4,9vMAPpEq
498,Sheffie,1963-03-11,3,bJjLfE1fXP
499,Matty,1960-06-06,2,hPG6KrAXUTF8
500,Ellene,1969-08-27,8,Sm8lQMVGVc
501,Cherish,1965-06-10,9,hIylvfF
502,Hazlett,1977-04-21,2,I3wFcJk
503,Glynnis,1975-12-09,6,7chXEz
504,Kincaid,1987-05-18,3,KBqKZl
505,Tandy,1970-04-17,9,NPQ9AlbeD
506,Jehu,1985-09-04,4,drpqXhLW
507,Dominick,1976-12-27,5,6DRDWOPzz
508,Antonella,1982-07-01,2,SlhOUWpgM
509,Beverie,1976-02-05,7,pr8g294a
510,Ivonne,1974-06-26,5,7VcrpbdMyWR
511,Homer,1987-05-26,7,3EHwoSrCEt
512,Antonina,1963-05-29,5,t2yt7KPo6kub
513,Jake,1964-04-26,4,w8o5SWTygMxd
514,Darryl,1977-11-27,6,ytIniFxCSVi
515,Marshall,1968-05-19,7,nCn8AJ
516,Aldon,1969-08-22,4,cYm1W0udpALk
517,Caresse,1981-12-05,6,VnHqGztGad
518,Dody,1980-08-06,10,WuVUT6eCkqf
519,Joseito,1983-06-06,4,tWPJIcei1y
520,Shaina,1961-07-25,7,VRDIEoh
521,Zola,1988-06-11,7,2phLog
522,Cirstoforo,1984-08-20,5,cvOCJVd
523,Louisa,1963-01-07,2,szN6z1LJFSP
524,Sibbie,1989-06-20,6,W8b3EOJ
525,Tyne,1973-03-18,3,71jjrtr
526,Ignatius,1970-12-07,10,wCAABDCD6j2W
527,Currey,1971-04-24,4,H712nQ3QXs
528,Jed,1979-01-23,2,C0SmMw
529,Keane,1983-04-15,3,fSvIguhyiSCw
530,Celestia,1968-04-22,5,PFJlDhtv
531,Simonette,1976-08-16,5,Kmm92cZfh
532,Kingston,1981-03-02,4,XsHAgwZ
533,Selena,1983-07-20,9,1aFUq2X5AV
534,Rachelle,1967-06-16,6,0InYQ5
535,Sue,1989-09-19,9,or1uEU7iH
536,Artus,1964-09-22,5,CANxqacYFi
537,Philis,1968-11-22,3,xP7ljAYE
538,Howard,1962-07-25,10,TbbJZIvHe
539,Maynord,1971-09-01,5,ST0FuEBKBxM
540,Teodora,1961-11-03,7,LODxFhkb
541,Perren,1974-07-30,8,XJxzSE7iMVM
542,Barnabe,1961-07-17,4,RuHGT56OjdR
543,Lucila,1969-03-17,7,QgHZ7ouu
544,Vonni,1969-10-13,10,ZM52KE
545,Fionnula,1974-12-16,2,bhd0kTxyuvZ
546,Lanni,1980-01-09,9,P843lcS
547,Corrine,1969-06-22,7,fneg5z654
548,Marilee,1980-12-02,5,vtLWhok8jaw
549,Town,1963-03-18,9,rmyTgtp3PYkx
550,Alan,1972-08-22,2,WVAij12EoHhA
551,Mickie,1983-06-25,8,k4LupW5
552,Laurie,1966-09-09,3,urUkDobkEUGe
553,Daphne,1988-07-25,9,RGiRVJVXGZK2
554,Milo,1968-12-09,10,q9ORDLf6ks
555,Collin,1974-03-24,3,qlx2MVSGKdG
556,Decca,1963-11-25,2,bODkL0
557,Florie,1968-05-02,4,bSd8chmsJW
558,Gonzales,1988-12-30,5,d1DbBAY9Mv
559,Clayson,1968-02-18,4,hh8xd2o
560,Adolf,1969-05-06,2,WcSU30bS
561,Avivah,1979-09-11,5,lZBIuIL
562,Jyoti,1988-12-04,2,yUWn2N
563,Blane,1987-12-05,9,8qmLrc
564,Britt,1967-12-08,1,5SOxymjfiJc
565,Aretha,1968-04-19,8,vQJmrB
566,Alverta,1978-02-04,8,6rLScCzwgI4l
567,Marcella,1989-07-28,9,oKT8A3
568,Alys,1987-10-02,9,eQQcTB
569,Datha,1988-12-25,8,3xbJVII
570,Auria,1970-06-24,7,9zetIwIEN
571,Batsheva,1974-05-24,6,nzuF6uk
572,Geoffry,1972-10-12,9,0vkOJ5Zvnyd
573,Waylin,1972-09-07,5,YPfE6ydP
574,Zondra,1977-10-01,7,qIZBDHTp
575,Lira,1973-09-02,8,sNALBE
576,Alphard,1972-03-19,7,2KsNfB
577,Nicky,1970-01-07,3,z93Q81xa2ay
578,Godwin,1977-11-04,5,rAhOSKlkH27u
579,Othello,1981-03-03,2,etmuPe4hkNU
580,Zita,1960-06-18,9,snGRuSH
581,Ryley,1982-03-14,1,aZukLk
582,Ruby,1969-01-16,6,tv6W434W
583,Patty,1987-03-21,8,LfdyysYifP5
584,Caressa,1962-07-11,1,670FFaHf
585,Doralynn,1967-07-03,6,hrjjCkftPP72
586,Kora,1960-06-18,4,A4A912HwR28
587,Jorey,1984-05-02,5,W2ev4Lg
588,Raphael,1978-08-29,2,dKjGzu
589,Henriette,1983-08-09,5,0UEdEUjer
590,Borden,1973-01-18,7,ZYZa74zKJl
591,Anastasie,1979-10-20,9,6g6DWz
592,Concettina,1967-09-23,5,JUYQpW65iE
593,Chelsey,1985-01-02,5,3ZHEnMW
594,Melloney,1982-09-10,10,R391X311yec
595,Tilda,1987-09-20,8,xbE49rG1U
596,Odilia,1969-11-11,6,otXXEU
597,Jasmina,1980-09-10,6,7dfJ450I
598,Tybi,1963-03-27,2,YlUusY9
599,Bridgette,1960-11-02,5,QOXANODY
600,Georgi,1973-09-28,3,kfnwbSh
601,Miner,1964-08-07,2,lXuNbnkeTIJ
602,Allyson,1972-02-06,6,EI1f4bpHuSK
603,Marthena,1981-06-29,5,cPggxmTK6h8L
604,Romy,1975-08-02,8,IdUnD8BSEB
605,Hesther,1986-08-08,7,WNdFnGus
606,Stefania,1985-03-08,3,wSzZLGWM
607,Port,1983-12-11,2,dSAUcb
608,Archambault,1979-09-18,10,ztGoz7OY
609,Atlante,1987-12-19,9,ikjpQY97unN7
610,Almeta,1979-04-24,2,oOU4SavyYU
611,Tamara,1980-07-20,6,HeL0rsLiRj
612,Wayne,1975-01-29,8,qblwv9zyAq0
613,Charla,1973-04-22,3,ove3Ot30Tsa
614,Cairistiona,1982-12-25,9,Ux8wZBGxFl
615,Gayle,1962-01-01,8,OcFFdNElJ2
616,Justen,1971-04-28,3,KWoltIAizG
617,Kenton,1973-07-22,3,mXWUhtRA3rd
618,Harry,1971-06-23,3,pIFRui
619,Hal,1988-04-03,6,lEhMXx8rWk
620,Zaneta,1969-03-12,2,w5biT2
621,Siobhan,1977-12-11,2,WlnNikeLBJ
622,Merrily,1985-01-09,1,vlQOSTSiW
623,Aida,1983-12-04,3,hDOBXanQ5xAM
624,Dosi,1968-08-26,6,WeVZ8C
625,Georgiana,1984-01-21,4,frDbtje0
626,Valentine,1989-08-28,6,LGxU4U8q
627,Lawrence,1975-11-09,7,hfR6odA2CB7F
628,Matelda,1985-09-04,8,JlPwrjZLt4
629,Juli,1973-01-26,7,gnQrq5IB
630,Brennan,1972-09-29,8,zgWB6rZnt
631,Jane,1960-01-30,3,IIy4Phy
632,Hilliary,1973-06-28,3,AjDzD8C
633,Roderick,1965-03-27,3,Vn1cRZi
634,Lois,1975-02-19,10,qMtNuEph7J8
635,Erny,1965-02-02,8,YLV0j9nhcXW1
636,Rafa,1987-02-13,2,etuRtDj
637,Richart,1989-12-13,8,lJCtJvYAh8i
638,Cary,1976-12-03,6,sHg2GR
639,Buffy,1982-09-27,2,JIa05iksSrV
640,Mead,1966-08-12,9,sf2ysXtvZ
641,Boothe,1970-06-09,4,jk83alJk
642,Cody,1985-04-18,4,ef3Cka
643,Cordell,1981-06-25,9,iAL0H5LH
644,Elaina,1974-12-18,6,PVkigLB
645,Codie,1974-07-12,3,27qQuw7utiSU
646,Marwin,1987-02-13,3,OBYcylY4L
647,Chevy,1979-12-13,7,ov5wCx9t
648,Roxane,1981-11-27,5,nDwliCyrlFWs
649,Diana,1974-09-02,9,DRmYT5YNWY
650,Mendel,1968-12-02,10,jDEoJRgqS
651,Art,1974-02-26,4,m48OcuSWE
652,Veronique,1963-07-19,6,58ieJsVxpR
653,Ashlin,1971-06-22,10,t3SPjYeEdwb
654,Hakeem,1984-08-23,7,jO1fr0cx8SXK
655,Lyndsey,1979-04-21,4,bg8puMDy
656,Had,1964-09-08,7,QvaNd8
657,Artemis,1983-03-17,8,VYGyJyo2
658,Augy,1961-03-11,9,SASDQz
659,Timothee,1976-07-25,3,zkvpzlqbiqu8
660,Rudy,1976-10-29,5,iM4hFu
661,Rosella,1977-11-24,9,0cYcgk
662,Anneliese,1960-07-26,8,jWL82lf
663,Melessa,1972-04-30,3,ivu3uzKX
664,Anneliese,1981-12-06,5,Xsxkk7
665,Zolly,1980-07-20,3,cLc3T2SNU
666,Jerrylee,1973-09-06,8,8qUl8purAbA
667,Sasha,1980-01-03,8,IOS5aLmBCb0
668,Carmel,1962-11-25,5,jHbzlc
669,Benjie,1975-11-21,7,ptriHf6MBw
670,Vonnie,1983-10-30,6,nPrfTM
671,Marmaduke,1965-01-14,6,yXR10k
672,Fania,1986-02-12,6,HZAGhhiaKkL
673,Avery,1964-07-14,3,mVFHpZ
674,Crysta,1989-04-28,3,9paJhCi
675,Otto,1971-12-15,9,oisw1b
676,Dilan,1974-12-22,1,JwBl6CkN3tY
677,Perla,1983-07-21,10,m6pW0r6Qqx
678,Danny,1967-05-27,5,wEW5xwtAlg9M
679,Ev,1981-02-25,10,b7wTP6
680,Tersina,1967-09-01,1,94KsUiwBjA
681,Alec,1975-03-08,6,JxNbez
682,Janey,1981-01-12,9,ZIEkQ4BM64p
683,Arlette,1966-03-18,5,QCtuVLa
684,Nikaniki,1962-01-10,7,YYSuXAG
685,Wilma,1988-06-23,5,4wBgBt
686,Drucie,1989-10-09,5,UZlWNG6
687,Gianni,1967-04-14,2,rq3rAn2EPJNv
688,Pablo,1970-10-15,7,BmtWrDuaf66k
689,Marleen,1987-09-10,1,RnJ3mdi6G
690,Alexis,1962-03-01,3,r6jm4qs9uMkS
691,Putnam,1989-11-05,6,436jNtJ2Fd
692,Marita,1974-05-07,8,tSw7Jz
693,Cinda,1984-08-19,2,C3t9gUq7lQp
694,Selena,1980-03-19,10,P1WFmqBuSUh7
695,Lou,1989-08-28,5,jbzdtD3FgF
696,Jeniffer,1973-07-16,4,q5JvibXmojej
697,Sophey,1980-01-08,1,eWkAJ3
698,Madge,1975-03-07,3,ckBwTw4jS5
699,Silvie,1980-05-03,4,dkXrPq
700,Jarrett,1965-04-12,3,9HuxqXiae
701,Scott,1962-12-07,2,V5Dd8t
702,Pat,1963-05-13,6,NTujeQWmtl
703,Yovonnda,1964-02-16,3,Q7EzGEVW8
704,Enrika,1989-02-05,6,0hVxY7JZIeOA
705,Karlie,1989-02-25,6,RQWn89LBVPsb
706,Hanny,1981-01-12,3,Eg5HQXvDZ
707,Freeland,1987-10-30,9,tJcUaFJoQP
708,Charita,1966-12-29,5,eVYUuyN
709,Donall,1978-12-02,10,tul5xn
710,Catarina,1960-12-23,6,9lktVRoY
711,Burty,1985-08-21,6,SocvQ7V
712,Nanci,1975-01-12,4,ySojwlLhO5
713,Abra,1988-08-04,6,38GFwsuMLFk
714,Octavius,1961-06-20,5,aVSotJYt
715,Rayshell,1978-07-12,8,9GTRO4wKmy
716,Ainsley,1964-08-14,1,wbGB9xsMN
717,Rey,1969-04-30,4,SJ6YNIne
718,Tracey,1968-01-27,4,jZEz1OaExyL
719,Kristopher,1984-10-21,3,Hlxd1Jb
720,Ardyce,1969-03-31,5,ykPu6kJ
721,Albertina,1962-04-24,8,gOhxc8tz
722,Whitaker,1976-04-01,1,jk5K50r
723,Steffi,1978-10-14,9,xhjsg7W5P
724,Derry,1986-11-17,7,jJLCK3E
725,Evaleen,1963-02-23,5,4lJlJNe0fUN
726,Goraud,1978-11-25,6,wLLIIYG5B1
727,Dedie,1967-01-05,7,7WP07skT
728,Candra,1966-01-31,6,vOoUVFlLsj
729,Liza,1967-01-17,5,LRCm3jjnl
730,Hamish,1962-09-30,6,diy45FagTDP
731,Albrecht,1976-04-04,5,Du4ceggj8SW
732,Ame,1969-02-02,10,0SOj6a5Tynxs
733,Kaitlyn,1960-05-28,9,5rmDDkY
734,Neale,1984-10-26,4,FZSKixK8
735,Neale,1968-09-25,9,AzFwPtqHOvcL
736,Fredi,1970-05-25,8,Tm3fVe
737,Lucy,1967-03-19,2,h23shwA
738,Renard,1978-09-09,1,UmyyRP
739,Nicoli,1971-04-16,2,QZy2q69EEWs
740,Mersey,1979-12-25,10,ZMr6IUB4H4l
741,Jessamyn,1980-12-20,1,ESpfmYpp
742,Ciro,1978-01-20,9,7qCwcdeTeRe
743,Reggis,1961-12-28,1,VMMvi3w7Wktk
744,Eli,1966-07-25,7,MCPDeggnv8rL
745,Leela,1989-02-21,3,H7PAJDl
746,Iormina,1970-05-02,5,ejNeVfBNwSJk
747,Merralee,1972-11-19,8,fIzL8vat
748,Dolley,1977-12-20,6,dCjz2At
749,Dev,1987-07-16,3,YKeutH
750,Aridatha,1984-09-13,4,qjz8NGFMA
751,Meris,1989-05-05,10,YjPRGFdyZHxe
752,Sharyl,1960-12-06,7,12k81rpj0
753,Ashton,1966-06-24,4,wE1i47
754,Aeriel,1989-10-15,3,NEJTU0mki1
755,Milka,1969-04-16,3,N3xXAnan
756,Wylma,1965-06-05,6,TrkW3CimB
757,Bernita,1962-03-18,10,sqUIY5a5
758,Scotti,1974-06-12,4,AceGYETGP
759,Brook,1963-12-20,5,anhm1v7qZrw
760,Algernon,1978-03-30,5,GLje4u9o
761,Codie,1969-03-02,3,RlT9HVPDYV
762,Dyann,1984-09-18,7,O6wrFk
763,Dunc,1987-08-12,1,pINU34xzEl6F
764,Claribel,1976-12-15,10,WFR6K5Owo
765,Xaviera,1977-10-27,5,3Z2pmp
766,Phip,1986-10-28,1,twRVVexjJ
767,Dunc,1971-01-11,4,ctpNN417qVl
768,Willi,1967-09-05,5,19BEBXvDGLtR
769,Leland,1981-10-11,1,kFS4MWD
770,Allegra,1960-08-31,8,HEVPcezbm
771,Raddy,1988-12-06,3,kEC6h03mY
772,Zorina,1982-07-10,6,JgG4arY6x1
773,Flint,1986-04-24,8,CYhAXZ0
774,Rochella,1988-08-16,5,UdX9Yvndl
775,Natalina,1969-09-03,2,Qzsyo2
776,Annabell,1976-08-20,10,N8ZLmnHt
777,Granny,1980-08-17,4,4lIO74
778,Joann,1965-09-11,8,HI7UAmLumpx
779,Rani,1979-09-22,10,ZiceugiUEP
780,Auguste,1968-07-26,1,SDiYoyqbzZj
781,Norman,1978-05-24,10,dK2Qr7lPuJyn
782,Catharina,1966-01-21,5,202FbmFfsTx
783,Johannes,1970-01-11,4,PWk0Xak27KST
784,Glenda,1972-02-29,2,zttM0rxLv
785,Clea,1966-05-13,8,YujmLa
786,Del,1989-02-06,2,oI5ZOy
787,Cloris,1977-07-17,5,IcwhHR06hDS
788,Steffen,1986-04-10,7,6kFcc1sY
789,Sascha,1982-04-30,8,SFesX6
790,Lionello,1974-01-25,5,JeMzoA
791,Rebekkah,1961-01-13,1,oVy0ECZQQ
792,Gilbert,1966-04-26,10,8Ao8QP
793,Evy,1960-09-09,6,ijKem0FDvsj8
794,Stephanie,1988-08-01,10,uhDHeRk5a
795,Shara,1971-10-07,10,RMAUILy1v4JK
796,Pete,1976-03-07,4,bTIFgn
797,Andree,1963-11-10,3,OsYt57
798,Kelsi,1989-12-31,1,2XmREuHXwhXW
799,Luca,1983-07-23,9,lWFQPik
800,Joellen,1987-01-04,4,fG066nvNfL
801,Yurik,1974-05-06,7,NlC9KHjt
802,Julieta,1973-04-19,7,W1EBqerSo2X
803,Karola,1978-05-23,5,PUJsw5rU2
804,Ursala,1967-06-16,6,ZvwVgtDv
805,Timmi,1961-10-22,2,uvZRV9L73
806,Marcelline,1963-03-26,5,twIcfkMCCC
807,Rana,1981-07-08,4,uv4Go9
808,Quill,1964-11-19,1,B5O0Bwyv
809,Jeanie,1974-05-09,6,KsEoPluMLc64
810,Allsun,1979-07-02,4,jv074XUF6ga
811,Elysha,1974-07-11,6,C8sHc956DlXi
812,Blondy,1986-09-04,9,OuAyOFEolUtm
813,Rosalind,1966-06-18,9,2g5drJAaHy
814,Fredi,1985-09-04,6,6LjSzeWbDm6
815,Valina,1976-08-29,8,PjXsS5cwYX
816,Sophia,1974-01-29,6,hwKrdNVC6Nv
817,Caralie,1970-11-30,9,aOS6yDI9TT4D
818,Karlie,1960-07-19,8,FeTydm3LnO
819,Bess,1987-11-19,1,qIWA7omhq
820,Nadya,1963-02-09,8,dganDB
821,Gannie,1971-03-07,5,j9p06k
822,Tailor,1978-09-19,8,J4VYSAqh1g9
823,Latia,1982-12-18,10,LryuEsiXE
824,Matilde,1964-12-30,8,WhZDx6QY77y
825,Merna,1984-02-25,2,ppCDBDtDuZ
826,Helen-elizabeth,1962-07-02,5,9eJ655Q
827,Margaretha,1965-07-28,2,BGD67E
828,Mathias,1963-08-14,4,k3jYYqtKOPB
829,Davita,1962-02-06,5,7nxJOznHR6jT
830,Hadleigh,1965-02-19,10,Jj6yeIoeNN
831,Tamera,1960-01-22,6,AzASKZH
832,Jamima,1976-11-15,3,WbxKewjfAD6
833,Shandeigh,1964-04-19,8,Ga1hrpO
834,Curtis,1973-03-29,8,ETIpcpc
835,Row,1983-11-30,5,QR5wtX4M1SGv
836,Shoshana,1963-03-24,6,R6SonSgh
837,Mattheus,1976-03-03,10,bDaU6h
838,Buddie,1966-08-13,1,PM2tvYl4LYy
839,Eugenius,1978-09-28,4,sBoQ4odHPovf
840,Bryana,1977-09-29,10,24Xm6Vt
841,Dayna,1979-05-04,5,wm29QTZTzp
842,Jeffrey,1964-09-28,1,LUWkxO2D
843,Jorge,1963-11-17,1,ZxDTReR
844,Felice,1971-10-06,9,x93a7sZH41f
845,Miquela,1978-03-02,7,jdwU1BbYn3j
846,Clarence,1976-06-26,8,sRVRfEd
847,Madel,1982-02-08,3,OypsAnMmWj0
848,Hedvige,1980-04-02,6,eB8pSp77JtDl
849,Friedrick,1964-04-06,8,BUrDDiQe
850,Constantia,1984-09-01,9,h09GdJufkev9
851,Maribeth,1974-09-17,7,KTZUj09
852,Dolorita,1977-05-04,8,hagpnoodYKyk
853,Sissie,1961-10-13,10,7Pr0mx
854,Elvis,1979-12-22,6,FZAJk8
855,Idell,1964-12-28,9,km3iwejQ1p
856,Charin,1989-09-18,4,2bVscHDX1gyH
857,Dick,1979-04-07,8,MZZ09cQLR
858,Miguelita,1982-05-06,3,o7upGf
859,Byran,1985-08-08,6,3b6DmRuq
860,Deedee,1966-03-01,10,KxWPImaYEek
861,Willey,1963-12-22,3,XEtX4v
862,Martie,1968-02-05,3,o9ePYEXuLw
863,Riordan,1972-12-11,9,SNEoApwoirfi
864,Levy,1960-07-29,8,IByMISeSso
865,Sergeant,1961-01-29,9,tY3Qyy
866,Fiorenze,1988-08-03,7,x2inqbjs
867,Patsy,1978-10-04,9,jgP5ibZxBY
868,Gerrard,1964-04-22,6,tUDdAoDZgh
869,Ward,1977-01-18,9,Q9xLYbA
870,Marquita,1983-11-09,9,TUJNRao8L
871,Miran,1967-04-29,1,RUuhhZR8
872,Lotte,1965-12-17,9,BmzFxjqx
873,Vite,1977-05-18,4,rsAnxYr90G
874,Marcel,1963-07-16,7,eT8Y5ZwG8
875,Melinda,1975-02-24,6,8UQjWpr2bX5
876,Yehudi,1968-06-20,7,QcOxKz
877,Cozmo,1987-06-08,4,A3fqMcg
878,Briny,1974-01-16,10,neWY75g
879,Augy,1969-03-09,1,ptEQnKqEMQl
880,Sella,1975-07-11,5,lSFfEj9D
881,Haleigh,1965-09-02,2,fKbmunOe
882,Karolina,1989-10-02,1,1E7CDl
883,Sally,1976-10-12,2,NuyJBa5
884,Melisa,1973-01-19,1,RsZpOsgYT
885,Thedric,1960-12-10,9,29YKFC
886,Adelaide,1976-01-03,4,5x1s80x
887,Opalina,1971-03-05,1,DhG65Nzr
888,Flori,1969-04-01,8,8Ci5Jxo
889,Franciskus,1972-08-18,10,6VxDG2kn
890,Iormina,1978-09-10,9,wxZVT0y3X
891,Faunie,1967-06-12,5,MISbvvb
892,Leodora,1979-08-08,10,UB2ICzJ88c
893,Shelbi,1973-04-11,4,WWNMAQQrmJ
894,Gabbie,1983-05-11,3,C4XvOUVDkM4
895,Dicky,1972-03-06,8,6OpuAE6
896,Fiann,1963-07-27,2,GXbWmQ
897,Valida,1969-09-13,4,gyg1lhlNNyVH
898,Barbara-anne,1973-09-10,1,z15lopATV
899,Dominga,1963-01-09,7,pGtQPcHVq
900,Marilee,1982-10-15,3,kD7PjSR
901,Torre,1978-06-17,10,BEMuzB4uyw9
902,Kiley,1976-11-17,5,USHU9byIB
903,Bambie,1981-01-03,2,sMRr0oXtbiR
904,Jonas,1979-02-02,3,x8FU52E6J
905,Marv,1989-11-20,9,4jT00y5tzb
906,Giraldo,1964-10-21,10,QueAiO0
907,Nobe,1964-03-30,4,hNKNZInfgh6
908,Marlo,1980-09-21,2,XGhM0RD3
909,Grant,1986-10-05,1,xl8sQpSl9mnj
910,Ingeberg,1987-01-17,9,Gdqesx
911,Milissent,1978-06-03,8,UHmqHsL
912,Ibrahim,1973-04-14,10,OS06Dr
913,Giffy,1960-12-29,9,h8KBf9DAjOZ
914,Bondie,1975-08-14,10,9Mg3m1jZC
915,Ogdan,1960-05-28,9,86EXGh
916,Chester,1960-07-13,2,WlRquvAJp
917,Gwenora,1987-11-10,2,LXYJgm3YNUe
918,Vasily,1973-05-14,5,2zAwI99Me
919,Teodoro,1983-02-17,10,C1zWamu
920,Eleanora,1989-09-03,4,wC2vjcyNc
921,Balduin,1975-01-06,3,QoyVvIuMQpX
922,Clevey,1960-03-29,7,NHkUUN
923,Noel,1978-11-14,3,TyyFIU
924,Humfrey,1960-01-15,7,h2gTIcXo6p
925,Bradford,1972-05-12,4,VDUzHmRPaIs
926,Gert,1987-11-19,10,XUSjn5hP
927,Carlin,1964-05-23,4,SPEdiV
928,Lyndsay,1962-04-02,6,BDRUwks8lMg
929,Cathlene,1975-12-22,9,C8ladJ52
930,Eli,1985-11-05,7,ZXOiKgpz45Pd
931,Holly-anne,1965-04-26,6,KzSZWxls4
932,Adey,1989-08-26,3,KPASarDr0e
933,Sibley,1984-01-06,8,3KBbP4xS
934,Renie,1960-01-11,6,hT9IKGl9Kb
935,Shir,1978-11-09,3,CJuJWxei29k
936,Wildon,1981-09-29,2,Ahd1myQVWDM
937,Parrnell,1986-08-02,10,UJOJ7U7D
938,Bathsheba,1972-05-11,8,dpI5BGDmO
939,Andrea,1975-10-26,2,sjlmZISlk
940,Alfons,1977-06-27,9,vrMCR1uYx
941,Cherin,1975-12-05,7,JiKZGq
942,Cletis,1989-12-05,5,avyPukkTs
943,Henka,1984-04-18,3,IyYumH
944,Charla,1965-04-13,3,v04X5DgD6s5
945,Maureene,1981-12-27,2,qU09i0WpwMS8
946,Robinett,1980-11-21,6,mYLDmnfhYxuc
947,Cyndy,1980-01-02,7,0dYEDjOq0
948,Mitchel,1985-07-10,10,Ev4bVHj
949,Sean,1977-06-20,3,bnUUvChMnPb
950,Hatty,1966-10-21,5,FnURqnq
951,Iggie,1961-04-07,8,T21OyOhpo
952,Farrand,1964-07-25,7,Ssl6MjYhWoI
953,Jacki,1977-07-03,1,Gj5ERan
954,Daryn,1966-05-28,6,4oFEQLZ4
955,Cherida,1984-08-16,6,cNYl2I
956,Cort,1976-01-05,1,QGXt3at5M
957,Alexandros,1987-11-14,8,oiyuFtRwA
958,Rochella,1981-03-06,7,2I9Xa3cSKUD
959,Melly,1978-01-20,3,vLyUIc9vMp
960,Guinna,1972-02-10,9,WTD9h73BftM
961,Latrina,1970-08-20,7,wXBxfj
962,Cristine,1965-10-07,7,Z8UYA9iO
963,Filippa,1960-10-28,3,7S7h99
964,Jarid,1966-02-19,9,vjqj8GNjy2G
965,Marianna,1983-08-01,9,xcIBf1
966,Karen,1976-07-16,2,o0bTjdwy
967,Gwyn,1975-11-08,2,vf6vn2mTDh
968,Jaclyn,1974-11-26,5,up7nsncG
969,Imogene,1964-10-07,3,6sB3muGuM5oE
970,Gregg,1986-05-07,10,hvKu9A
971,Talia,1977-06-26,6,I6iakJc8y5
972,Lucien,1964-09-13,6,oeDEll
973,Melisande,1971-11-14,7,t9SWUKs
974,Martelle,1979-03-22,5,Ur1QmJ9uB
975,Brendin,1966-12-15,6,9DaGskk0
976,Francesco,1985-03-31,1,5xNB0rtII
977,Gerri,1982-12-29,3,wIntIg
978,Justen,1988-04-23,4,zAbcO5YE
979,Beret,1960-04-27,3,8RMwHG7
980,Suzanne,1979-11-28,1,S2et6hd2d
981,Susette,1965-09-23,1,VC9WgyiV
982,Marwin,1965-08-20,10,CDioMIAw
983,Birk,1988-06-16,1,UhIlXQ4XGMy
984,Claudette,1982-02-18,10,quLPVHBz
985,Aretha,1967-10-13,7,ceK5y7
986,Padget,1988-08-11,2,CdiEnW
987,Xenos,1975-10-16,7,VRltdkxZCB
988,Patience,1963-10-24,1,UGohSdJ
989,Juana,1972-09-28,3,XlSYaL
990,Karlotte,1971-02-25,9,ayQYEpT
991,Bartlet,1962-04-28,5,DHVzDgYSIH
992,Alister,1985-01-06,8,qzeB0z8asP
993,Delphinia,1964-09-16,4,WldKbgZIjXd
994,Toby,1976-01-06,7,YtB3YOdyRAz
995,Madeline,1972-12-28,1,N7j03ZmE4UR
996,Ilaire,1978-05-18,6,VCoYXYdjblj
997,Carly,1962-03-04,8,jz2xjKyq
998,Adriena,1963-01-02,5,Lex8Km4BNE
999,Jerrine,1962-07-23,9,vVJs91
1000,Pearline,1980-11-25,3,uPsq4rcsYHx3
